priority,issue,row_number,venue_key,pub_name,place_name,postcode,pin_type,current_lat,current_lng,current_source,postcode_displacement_metres,reference_name,reference_lat,reference_lng,difference_metres,reference_url,audit_status
1,listing_postcode_conflicts_with_venue_reference,831,bucknall bowling & recreation club|stoke: bucknall|st2 7ab,Bucknall Bowling & Recreation Club,Stoke: Bucknall,ST2 7AB,venue,53.0241582,-2.1317236,google-maps-named-place,2482.1,,,,,https://www.google.com/maps/search/?api=1&query=Bucknall+Bowling+Recreation+Club,no_unambiguous_reference
1,listing_postcode_conflicts_with_venue_reference,432,blue dog|sewstern|ng33 5rg,Blue Dog,Sewstern,NG33 5RG,venue,52.7862037,-0.6840474,google-maps-named-place,394.4,,,,,https://www.google.com/maps/search/?api=1&query=Blue+Dog+Sewstern,no_unambiguous_reference
1,listing_name_requires_correction,124,chaddesen park social club (pmc)|derby: chaddesden|de21 6pd,Chaddesen Park Social Club (PMC),Derby: Chaddesden,DE21 6PD,venue,52.927228,-1.4458378,google-maps-named-place,169.2,,,,,,no_unambiguous_reference
1,listing_name_requires_correction,568,h|angel inn|l1 4hy,h,Angel Inn,L1 4HY,venue,53.4027146,-2.9777435,google-maps-named-place,38.6,,,,,,no_unambiguous_reference
1,listing_name_requires_correction,880,bamk house hotel|uttoxeter|st14 8ag,Bamk House Hotel,Uttoxeter,ST14 8AG,venue,52.8991217,-1.862908,google-maps-named-place,37.3,,,,,,no_unambiguous_reference
1,listing_postcode_conflicts_with_venue_reference,706,nelson inn|brown lees|st8 6ph,Nelson Inn,Brown Lees,ST8 6PH,venue,53.099298,-2.183616,openstreetmap-gb-extract,239.7,Nelson Inn,53.099049,-2.1834742,29.3,https://camra.org.uk/pubs/143866,reference_agrees_within_50m_postcode_conflict
1,listing_postcode_conflicts_with_venue_reference,389,new baron|hinckley|le10 0az,New Baron,Hinckley,LE10 0AZ,venue,52.540943145752,-1.37424194812775,food-standards-agency-fhrs,7.5,New Baron Hinckley (also known as Crafty Baron),52.54112,-1.37392,29.3,https://camra.org.uk/pubs/181808,reference_agrees_within_50m_postcode_conflict
1,listing_postcode_conflicts_with_venue_reference,85,mount pleasant inn|castle gresley|de11 9je,Mount Pleasant Inn,Castle Gresley,DE11 9JE,venue,52.7498761,-1.5737433,google-maps-named-place,416.3,Mount Pleasant Inn,52.75,-1.5741,27.7,https://camra.org.uk/pubs/124016,reference_agrees_within_50m_postcode_conflict
1,listing_postcode_conflicts_with_venue_reference,89,r and rs sports bar|chellaston|de73 5sa,R and Rs Sports Bar,Chellaston,DE73 5SA,venue,52.8690371,-1.4379227,google-maps-named-place,72.8,R&Rs Sports Bar & Lounge,52.8692,-1.43821,26.5,https://camra.org.uk/pubs/143368,reference_agrees_within_50m_postcode_conflict
1,listing_postcode_conflicts_with_venue_reference,241,george|youlgrave|de45 1uw,George,Youlgrave,DE45 1UW,venue,53.1762642,-1.684656,google-maps-named-place,355.5,George Hotel,53.176408813319,-1.6843456970621,26.2,https://camra.org.uk/pubs/134940,reference_agrees_within_50m_postcode_conflict
1,listing_postcode_conflicts_with_venue_reference,348,fairhaven|lytham st annes|fy8 1yd,Fairhaven,Lytham St Annes,FY8 1YD,venue,53.7391155,-2.9931954,openstreetmap-gb-extract,2383.7,Fairhaven,53.739223,-2.993478,22.1,https://camra.org.uk/pubs/120359,reference_agrees_within_50m_postcode_conflict
1,listing_postcode_conflicts_with_venue_reference,278,grey horse|consett|dh8 6nf,Grey Horse,Consett,DH8 6NF,venue,54.8544235,-1.824519,openstreetmap-gb-extract,32.9,Grey Horse,54.854306653598,-1.8242745251312,20.3,https://camra.org.uk/pubs/186917,reference_agrees_within_50m_postcode_conflict
1,listing_postcode_conflicts_with_venue_reference,642,britannia|oxford: headington|ox3 7aa,Britannia,Oxford: Headington,OX3 7AA,venue,51.758995,-1.214021,food-standards-agency-fhrs,2.2,Britannia,51.759108,-1.214177,16.5,https://camra.org.uk/pubs/157076,reference_agrees_within_50m_postcode_conflict
1,listing_postcode_conflicts_with_venue_reference,1028,alder|sheffield: central|s3 8bt,Alder,Sheffield: Central,S3 8BT,venue,53.3919404,-1.4761471,openstreetmap-gb-extract,8.3,Alder,53.392066348105,-1.476220991402,14.8,https://camra.org.uk/pubs/148045,reference_agrees_within_50m_postcode_conflict
1,listing_postcode_conflicts_with_venue_reference,1083,stag and pheasant|carmarthen|sa31 1jq,Stag and Pheasant,Carmarthen,SA31 1JQ,venue,51.85698505384615,-4.3041469153846155,openstreetmap-gb-extract,632.1,Stag & Pheasant,51.856912,-4.304004,12.7,https://camra.org.uk/pubs/133424,reference_agrees_within_50m_postcode_conflict
1,listing_postcode_conflicts_with_venue_reference,695,waterfront|barton-under-needwood|de13 8as,Waterfront,Barton-under-Needwood,DE13 8AS,venue,52.76037423333334,-1.7082057047619048,openstreetmap-gb-extract,62.2,Waterfront,52.760475652988,-1.708262098217,11.9,https://camra.org.uk/pubs/124055,reference_agrees_within_50m_postcode_conflict
1,listing_postcode_conflicts_with_venue_reference,149,drunken dog|heanor|de75 7ef,Drunken Dog,Heanor,DE75 7EF,venue,53.013306,-1.3528839,openstreetmap-gb-extract,271.3,Drunken Dog,53.013217,-1.35293,10.4,https://camra.org.uk/pubs/200257,reference_agrees_within_50m_postcode_conflict
1,listing_postcode_conflicts_with_venue_reference,183,binary|mickleover|de3 0gr,Binary,Mickleover,DE3 0GR,venue,52.9040166,-1.544656,google-maps-named-place,7.2,Binary,52.903963,-1.544542,9.7,https://camra.org.uk/pubs/196347,reference_agrees_within_50m_postcode_conflict
1,listing_postcode_conflicts_with_venue_reference,803,crossways (bottlecraft)|newcastle-u-l: central|st5 1rw,Crossways (Bottlecraft),Newcastle-U-L: Central,ST5 1RW,venue,53.0127842,-2.2245969,google-maps-named-place,47.4,Crossways (Bottlecraft),53.012849268734,-2.224678251486,9.1,https://camra.org.uk/pubs/195497,reference_agrees_within_50m_postcode_conflict
1,listing_postcode_conflicts_with_venue_reference,710,burton rugby club|burton u-t: branston|de13 9ff,Burton Rugby Club,Burton U-T: Branston,DE13 9FF,venue,52.7893745,-1.6834532,google-maps-named-place,84.0,Burton Rugby Football Club,52.7893,-1.6835,8.9,https://camra.org.uk/pubs/196798,reference_agrees_within_50m_postcode_conflict
1,listing_postcode_conflicts_with_venue_reference,947,bulls head|nailstone|cv13 0qe,Bulls Head,Nailstone,CV13 0QE,venue,52.65975373333333,-1.3862997166666666,openstreetmap-gb-extract,226.1,Bulls Head,52.65968,-1.38633,8.4,https://camra.org.uk/pubs/181822,reference_agrees_within_50m_postcode_conflict
1,listing_postcode_conflicts_with_venue_reference,550,rams head|lowton|wa3 2ey,Rams Head,Lowton,WA3 2EY,venue,53.475426218181816,-2.5811427727272727,openstreetmap-gb-extract,416.4,Rams Head Inn,53.47537,-2.581216,7.9,https://camra.org.uk/pubs/170979,reference_agrees_within_50m_postcode_conflict
1,listing_postcode_conflicts_with_venue_reference,925,bird in hand|austrey|cv9 3ee,Bird in Hand,Austrey,CV9 3EE,venue,52.6531183,-1.5630947545454545,openstreetmap-gb-extract,43.2,Bird in Hand,52.653079153262,-1.563002536211,7.6,https://camra.org.uk/pubs/181770,reference_agrees_within_50m_postcode_conflict
1,listing_postcode_conflicts_with_venue_reference,298,mall|bristol: clifton|bs8 4dr,Mall,Bristol: Clifton,BS8 4DR,venue,51.45637530833333,-2.621618991666667,openstreetmap-gb-extract,179.8,Mall,51.456401824951,-2.621720075607,7.6,https://camra.org.uk/pubs/114046,reference_agrees_within_50m_postcode_conflict
1,listing_postcode_conflicts_with_venue_reference,468,bell|halton holegate|pe23 5ny,Bell,Halton Holegate,PE23 5NY,venue,53.1652169,0.1178604,openstreetmap-gb-extract,430.4,Bell Inn,53.165154,0.117821,7.5,https://camra.org.uk/pubs/167970,reference_agrees_within_50m_postcode_conflict
1,listing_postcode_conflicts_with_venue_reference,873,white hart|tean|st10 4dz,White Hart,Tean,ST10 4DZ,venue,52.9537639,-1.988268,openstreetmap-gb-extract,53.7,White Hart,52.953733,-1.988171,7.4,https://camra.org.uk/pubs/128019,reference_agrees_within_50m_postcode_conflict
1,listing_postcode_conflicts_with_venue_reference,100,old black swan|crich|de4 5dd,Old Black Swan,Crich,DE4 5DD,venue,53.084615581818184,-1.478402390909091,openstreetmap-gb-extract,81.4,Old Black Swan,53.084596222142,-1.478505364418,7.2,https://camra.org.uk/pubs/165834,reference_agrees_within_50m_postcode_conflict
1,listing_postcode_conflicts_with_venue_reference,895,waveney|lowestoft: oulton broad|nr32 3ln,Waveney,Lowestoft: Oulton Broad,NR32 3LN,venue,52.473285139999994,1.70988504,openstreetmap-gb-extract,369.6,Waveney,52.473223,1.709892,6.9,https://camra.org.uk/pubs/133832,reference_agrees_within_50m_postcode_conflict
1,listing_postcode_conflicts_with_venue_reference,604,stella taps|mansfield|ng18 4al,Stella Taps,Mansfield,NG18 4AL,venue,53.1359222,-1.1960942,google-maps-named-place,119.2,Stella Taps,53.135879283164,-1.196150579376,6.1,https://camra.org.uk/pubs/195140,reference_agrees_within_50m_postcode_conflict
1,listing_postcode_conflicts_with_venue_reference,96,rising sun|church gresley|de11 9ly,Rising Sun,Church Gresley,DE11 9LY,venue,52.7607231,-1.564267,openstreetmap-gb-extract,60.2,Rising Sun,52.7607,-1.5642,5.2,https://camra.org.uk/pubs/123877,reference_agrees_within_50m_postcode_conflict
1,listing_postcode_conflicts_with_venue_reference,670,somerset and dorset|burnham-on-sea|ta8 1nz,Somerset and Dorset,Burnham-on-Sea,TA8 1NZ,venue,51.2343647,-2.997543,google-maps-named-place,123.4,Somerset & Dorset,51.234382629395,-2.9974739551544,5.2,https://camra.org.uk/pubs/134015,reference_agrees_within_50m_postcode_conflict
1,listing_postcode_conflicts_with_venue_reference,155,red lion|hollington|de6 3ha,Red Lion,Hollington,DE6 3HA,venue,52.952454585714285,-1.661919557142857,openstreetmap-gb-extract,192.7,Red Lion,52.952431,-1.661865,4.5,https://camra.org.uk/pubs/112759,reference_agrees_within_50m_postcode_conflict
1,listing_postcode_conflicts_with_venue_reference,959,merchants|rugby|cv21 3aw,Merchants,Rugby,CV21 3AW,venue,52.3713166,-1.2614392,google-maps-named-place,55.8,Merchants Inn,52.371329,-1.261492,3.8,https://camra.org.uk/pubs/148458,reference_agrees_within_50m_postcode_conflict
1,listing_postcode_conflicts_with_venue_reference,363,royal|broughton astley|le9 6qb,Royal,Broughton Astley,LE9 6QB,venue,52.5356041,-1.2323141,openstreetmap-gb-extract,134.2,Royal,52.53557,-1.232313,3.8,https://camra.org.uk/pubs/174059,reference_agrees_within_50m_postcode_conflict
1,listing_postcode_conflicts_with_venue_reference,408,needle and pin|loughborough|le11 5bg,Needle and Pin,Loughborough,LE11 5BG,venue,52.7734147,-1.2096309,google-maps-named-place,63.8,Needle & Pin,52.773433,-1.209595,3.2,https://camra.org.uk/pubs/171296,reference_agrees_within_50m_postcode_conflict
1,listing_postcode_conflicts_with_venue_reference,34,charles roe|macclesfield|sk11 6dy,Charles Roe,Macclesfield,SK11 6DY,venue,53.2608242,-2.128478,openstreetmap-gb-extract,30.1,Charles Roe,53.26081,-2.12844,3.0,https://camra.org.uk/pubs/199589,reference_agrees_within_50m_postcode_conflict
1,listing_postcode_conflicts_with_venue_reference,650,bear inn|bridgnorth|wv16 4er,Bear Inn,Bridgnorth,WV16 4ER,venue,52.537224,-2.420888,google-maps-and-official-address,31.8,Bear,52.537212347836,-2.420863628387,2.1,https://camra.org.uk/pubs/122176,reference_agrees_within_50m_postcode_conflict
1,listing_postcode_conflicts_with_venue_reference,982,britannia|rowley regis|b91 3ju,Britannia,Rowley Regis,B91 3JU,venue,52.4737713,-2.0418834,openstreetmap,19208.4,Britannia,52.473759600117,-2.041905552149,2.0,https://camra.org.uk/pubs/146446,reference_agrees_within_50m_postcode_conflict
1,listing_postcode_conflicts_with_venue_reference,583,guest house|southport: central|pr9 0qf,Guest House,Southport: Central,PR9 0QF,venue,53.6505819,-2.9994951,openstreetmap-gb-extract,29.2,Guest House,53.65058,-2.99947,1.7,https://camra.org.uk/pubs/147054,reference_agrees_within_50m_postcode_conflict
1,listing_postcode_conflicts_with_venue_reference,786,dyers arms|leek|st13 8jz,Dyers Arms,Leek,ST13 8JZ,venue,53.1095142,-2.0362443,google-maps-named-place,41.6,Dyers Arms,53.109505,-2.036247,1.0,https://camra.org.uk/pubs/143903,reference_agrees_within_50m_postcode_conflict
1,listing_postcode_conflicts_with_venue_reference,999,dead dove|worcester: central|wr1 2lt,Dead Dove,Worcester: Central,WR1 2LT,venue,52.1886066,-2.2190526,google-maps-named-place,10.5,Dead Dove,52.188610229756,-2.219052699117,0.4,https://camra.org.uk/pubs/111424,reference_agrees_within_50m_postcode_conflict
1,listing_postcode_conflicts_with_venue_reference,211,navigation|shardlow|de72 2wa,Navigation,Shardlow,DE72 2WA,venue,52.868029,-1.342615,camra-and-official-address,1904.5,Navigation Inn,52.868029,-1.342615,0.0,https://camra.org.uk/pubs/143265,reference_agrees_within_50m_postcode_conflict
