venue_key,pub_name,place_name,postcode,pin_type,current_lat,current_lng,current_source,camra_lat,camra_lng,camra_url,fsa_name,fsa_address,fsa_lat,fsa_lng,fsa_url,current_to_fsa_metres,camra_to_fsa_metres,postcode_to_fsa_metres,fsa_status,checked_at
barton rovers social (pmc)|barton le clay|mk45 4sd,Barton Rovers Social (PMC),Barton le Clay,MK45 4SD,venue,51.9648174,-0.4295876,google-maps-named-place,,,,,,,,https://api.ratings.food.gov.uk/Establishments?address=MK45+4SD&pageSize=100&pageNumber=1,,,,no_name_match,2026-09-11
gj muckers|macclesfield|sk11 6jl,GJ Muckers,Macclesfield,SK11 6JL,venue,53.25777,-2.12237,manual-camra-review,,,,,,,,,,,,no_name_match,
harbour pool club (pmc)|st ives|tr26 1lf,Harbour Pool Club (PMC),St Ives,TR26 1LF,venue,50.21372,-5.48006,manual-openstreetmap-review,,,,Harbour Pool & Billiards Club,"Harbour Pool And Billiards Club, The Wharf, St Ives, Cornwall, TR26 1LF",50.213557,-5.480003,https://api.ratings.food.gov.uk/Establishments?address=TR26+1LF&pageSize=100&pageNumber=1,18.6,,15.8,unique_name_and_postcode_match,2026-09-11
mason brewing taproom|threemilestone|tr4 9ld,Mason Brewing Taproom,Threemilestone,TR4 9LD,venue,50.2622391,-5.1247196,google-maps-named-place,,,,,,,,https://api.ratings.food.gov.uk/Establishments?address=TR4+9LD&pageSize=100&pageNumber=1,,,,no_name_match,2026-09-11
arkwrights|belper: central|de56 1up,Arkwrights,Belper: Central,DE56 1UP,venue,53.0227293,-1.4832821,google-maps-named-place,,,,,,,,https://api.ratings.food.gov.uk/Establishments?address=DE56+1UP&pageSize=100&pageNumber=1,,,,no_name_match,2026-09-11
crossbar|chellaston|de73 6tq,Crossbar,Chellaston,DE73 6TQ,venue,52.8750547,-1.4265946,google-maps-named-place,,,,,,,,https://api.ratings.food.gov.uk/Establishments?address=DE73+6TQ&pageSize=100&pageNumber=1,,,,no_name_match,2026-09-11
chaddesen park social club (pmc)|derby: chaddesden|de21 6pd,Chaddesen Park Social Club (PMC),Derby: Chaddesden,DE21 6PD,venue,52.927228,-1.4458378,google-maps-named-place,,,,,,,,https://api.ratings.food.gov.uk/Establishments?address=DE21+6PD&pageSize=100&pageNumber=1,,,,no_name_match,2026-09-11
doveside social club (pmc)|hatton|de65 5ez,Doveside Social Club (PMC),Hatton,DE65 5EZ,venue,52.8652076,-1.6823627,manual-multiple-source-map-review,,,,,,,,https://api.ratings.food.gov.uk/Establishments?address=DE65+5EZ&pageSize=100&pageNumber=1,,,,no_name_match,2026-09-11
colliery smokehouse|linton|de12 6pb,Colliery Smokehouse,Linton,DE12 6PB,venue,52.742254,-1.5855772,google-maps-named-place,,,,Colliery Smokehouse,"LAKESIDE COTTAGE COLLIERY LANE, LINTON, SWADLINCOTE, DE12 6PB",52.7429351,-1.5856133,https://api.ratings.food.gov.uk/Establishments?address=DE12+6PB&pageSize=100&pageNumber=1,75.8,,462.7,unique_name_and_postcode_match,2026-09-11
netherseal sports club (pmc)|netherseal|de12 8db,Netherseal Sports Club (PMC),Netherseal,DE12 8DB,venue,52.7131016,-1.5763189,food-standards-agency-fhrs,,,,Netherseal St Peters Sports Club,"NETHERSEAL ST PETERS SPORTS CLUB MAIN STREET, NETHERSEAL, SWADLINCOTE, DE12 8DB",52.7131016,-1.5763189,https://api.ratings.food.gov.uk/Establishments?address=DE12+8DB&pageSize=100&pageNumber=1,0.0,,356.4,unique_name_and_postcode_match,2026-09-11
ye olde butchers arms|reapsmoor|sk17 0ll,Ye Olde Butchers Arms,Reapsmoor,SK17 0LL,venue,53.1507019,-1.8804221,google-maps-named-place,,,,,,,,https://api.ratings.food.gov.uk/Establishments?address=SK17+0LL&pageSize=100&pageNumber=1,,,,no_name_match,2026-09-11
compamigos (was boardwalk)|willington|de65 6dw,Compamigos (was Boardwalk),Willington,DE65 6DW,venue,52.8612955,-1.5543534,food-standards-agency-fhrs,,,,Compamigos,"THE BOARDWALK BAR AND DINING MERCIA MARINA FINDERN LANE, WILLINGTON, DERBY, DE65 6DW",52.8612955,-1.5543534,https://api.ratings.food.gov.uk/Establishments?address=DE65+6DW&pageSize=100&pageNumber=1,0.0,,491.2,unique_name_and_postcode_match,2026-09-11
pleasant retreat|lostock hall|pr5 5ru,Pleasant Retreat,Lostock Hall,PR5 5RU,venue,53.7260786,-2.6924564,google-maps-named-place,,,,,,,,https://api.ratings.food.gov.uk/Establishments?address=PR5+5RU&pageSize=100&pageNumber=1,,,,no_name_match,2026-09-11
mushroom hall|albert village|de11 8en,Mushroom Hall,Albert Village,DE11 8EN,venue,52.7600976,-1.5504387,google-maps-named-place,,,,The Mushroom Hall,"Mushroom Hall, Main Street, Albert Village, Swadlincote, DE11 8EN",52.761853,-1.55183,https://api.ratings.food.gov.uk/Establishments?address=DE11+8EN&pageSize=100&pageNumber=1,216.5,,4.6,unique_name_and_postcode_match,2026-09-11
blue dog|sewstern|ng33 5rg,Blue Dog,Sewstern,NG33 5RG,venue,52.7862037,-0.6840474,google-maps-named-place,,,,,,,,https://api.ratings.food.gov.uk/Establishments?address=NG33+5RG&pageSize=100&pageNumber=1,,,,no_name_match,2026-09-11
lancaster inn|woodhall spa|ln10 6st,Lancaster Inn,Woodhall Spa,LN10 6ST,venue,53.1518516,-0.2141953,google-maps-and-official-address,,,,,,,,https://api.ratings.food.gov.uk/Establishments?address=LN10+6ST&pageSize=100&pageNumber=1,,,,no_name_match,2026-09-11
toby carvery|beckenham br3|br3 3hq,Toby Carvery,Beckenham BR3,BR3 3HQ,venue,51.3898643,-0.0274306,food-standards-agency-fhrs,,,,Toby Carvery - Eden Park Hotel,"Eden Park Hotel 422 Upper Elmers End Road, Beckenham, BR3 3HQ",51.3898643,-0.0274306,https://api.ratings.food.gov.uk/Establishments?address=BR3+3HQ&pageSize=100&pageNumber=1,0.0,,41.1,unique_name_and_postcode_match,2026-09-11
crown tavern|clerkenwell ec1r|ec1r 0eg,Crown Tavern,Clerkenwell EC1R,EC1R 0EG,venue,51.5231701,-0.10524115999999999,openstreetmap-gb-extract,,,,The Crown Tavern,"The Crown Tavern, 43 Clerkenwell Green, London, EC1R 0EG",51.5231808,-0.105241,https://api.ratings.food.gov.uk/Establishments?address=EC1R+0EG&pageSize=100&pageNumber=1,1.2,,8.9,unique_name_and_postcode_match,2026-09-11
h|angel inn|l1 4hy,h,Angel Inn,L1 4HY,venue,53.4027146,-2.9777435,google-maps-named-place,,,,,,,,https://api.ratings.food.gov.uk/Establishments?address=L1+4HY&pageSize=100&pageNumber=1,,,,no_name_match,2026-09-11
rushden historic transport society|rushden|nn10 0aw,Rushden Historic Transport Society,Rushden,NN10 0AW,venue,52.2943013,-0.5980484,google-maps-named-place,,,,,,,,https://api.ratings.food.gov.uk/Establishments?address=NN10+0AW&pageSize=100&pageNumber=1,,,,no_name_match,2026-09-11
martlet inn|langford budville|ta21 0qz,Martlet Inn,Langford Budville,TA21 0QZ,venue,50.99730061176471,-3.268621782352941,openstreetmap-gb-extract,,,,The Martlet Inn,"The Martlet Inn, Langford Budville, Wellington, TA21 0QZ",50.997346,-3.268584,https://api.ratings.food.gov.uk/Establishments?address=TA21+0QZ&pageSize=100&pageNumber=1,5.7,,2.5,unique_name_and_postcode_match,2026-09-11
sheet anchor|baldwins gate|st5 5bu,Sheet Anchor,Baldwins Gate,ST5 5BU,venue,52.960363,-2.303902,food-standards-agency-fhrs,,,,THE BLOCKHOUSE @ THE SHEET ANCHOR,"The Sheet Anchor, Newcastle Road, Whitmore, Newcastle Under Lyme, ST5 5BU",52.960363,-2.303902,https://api.ratings.food.gov.uk/Establishments?address=ST5+5BU&pageSize=100&pageNumber=1,0.0,,2.1,unique_name_and_postcode_match,2026-09-11
butchers arms|bramshall|st14 5bg,Butchers Arms,Bramshall,ST14 5BG,venue,52.8966385,-1.9081603,google-maps-named-place,,,,The Butcher's Arms,"The Butcher's Arms, Stone Road, Bramshall, Uttoxeter, ST14 5BG",52.8974128,-1.9065132,https://api.ratings.food.gov.uk/Establishments?address=ST14+5BG&pageSize=100&pageNumber=1,140.1,,229.4,unique_name_and_postcode_match,2026-09-11
trentside cricket club (pmc)|burton u-t: branston|de14 3dp,Trentside Cricket Club (PMC),Burton U-T: Branston,DE14 3DP,venue,52.7872505187988,-1.65420198440552,food-standards-agency-fhrs,,,,Trentside Cricket Club,"Trentside Cricket Club, Off Faldo Close, Branston, Burton upon Trent, DE14 3DP",52.7872505187988,-1.65420198440552,https://api.ratings.food.gov.uk/Establishments?address=DE14+3DP&pageSize=100&pageNumber=1,0.0,,0.2,unique_name_and_postcode_match,2026-09-11
burton albion fc (fan zone)|burton u-t: central|de13 0ar,Burton Albion FC (Fan zone),Burton U-T: Central,DE13 0AR,venue,52.8215623,-1.627267,google-maps-named-place,,,,,,,,https://api.ratings.food.gov.uk/Establishments?address=DE13+0AR&pageSize=100&pageNumber=1,,,,no_name_match,2026-09-11
cricket club|caverswall|st3 6pj,Cricket Club,Caverswall,ST3 6PJ,venue,52.9890596,-2.0909717,google-maps-named-place,,,,,,,,https://api.ratings.food.gov.uk/Establishments?address=ST3+6PJ&pageSize=100&pageNumber=1,,,,no_name_match,2026-09-11
charlie bassetts|dilhorne|st10 2pq,Charlie Bassetts,Dilhorne,ST10 2PQ,venue,52.9880447387695,-2.04433488845825,food-standards-agency-fhrs,,,,CHARLIE BASSETTS,"New Road, Dilhorne, Stoke On Trent, ST10 2PQ",52.9880447387695,-2.04433488845825,https://api.ratings.food.gov.uk/Establishments?address=ST10+2PQ&pageSize=100&pageNumber=1,0.0,,20.1,unique_name_and_postcode_match,2026-09-11
plough|endon|st9 9be,Plough,Endon,ST9 9BE,venue,53.07882295454545,-2.1085675545454547,openstreetmap-gb-extract,,,,Plough Inn,"Leek Road, Endon, Stoke On Trent Staffordshire, ST9 9BE",53.0788192749023,-2.10842299461365,https://api.ratings.food.gov.uk/Establishments?address=ST9+9BE&pageSize=100&pageNumber=1,9.7,,225.4,unique_name_and_postcode_match,2026-09-11
inkspot|leek|st13 6hx,Inkspot,Leek,ST13 6HX,venue,53.1064453125,-2.02351498603821,food-standards-agency-fhrs,,,,INKSPOT,"Market Street, Leek, Staffordshire, ST13 6HX",53.1064453125,-2.02351498603821,https://api.ratings.food.gov.uk/Establishments?address=ST13+6HX&pageSize=100&pageNumber=1,0.0,,4.9,unique_name_and_postcode_match,2026-09-11
45 club (pmc)|newcastle-u-l: central|st5 1ds,45 Club (PMC),Newcastle-U-L: Central,ST5 1DS,venue,53.0093065,-2.2165397,google-maps-named-place,,,,,,,,https://api.ratings.food.gov.uk/Establishments?address=ST5+1DS&pageSize=100&pageNumber=1,,,,no_name_match,2026-09-11
newcastle town fc (pmc)|newcastle-u-l: central|st5 3bx,Newcastle Town FC (PMC),Newcastle-U-L: Central,ST5 3BX,venue,52.9980225,-2.2142564,google-maps-named-place,,,,,,,,https://api.ratings.food.gov.uk/Establishments?address=ST5+3BX&pageSize=100&pageNumber=1,,,,no_name_match,2026-09-11
cricket club|rolleston-on-dove|de13 9au,Cricket Club,Rolleston-on-Dove,DE13 9AU,venue,52.8465176,-1.6284227,google-maps-named-place,,,,,,,,https://api.ratings.food.gov.uk/Establishments?address=DE13+9AU&pageSize=100&pageNumber=1,,,,no_name_match,2026-09-11
social club (pmc)|rolleston-on-dove|de13 9dn,Social Club (PMC),Rolleston-on-Dove,DE13 9DN,venue,52.8459312,-1.6502601,google-maps-named-place,,,,,,,,https://api.ratings.food.gov.uk/Establishments?address=DE13+9DN&pageSize=100&pageNumber=1,,,,no_name_match,2026-09-11
bucknall bowling & recreation club|stoke: bucknall|st2 7ab,Bucknall Bowling & Recreation Club,Stoke: Bucknall,ST2 7AB,venue,53.0241582,-2.1317236,google-maps-named-place,,,,,,,,https://api.ratings.food.gov.uk/Establishments?address=ST2+7AB&pageSize=100&pageNumber=1,,,,no_name_match,2026-09-11
bamk house hotel|uttoxeter|st14 8ag,Bamk House Hotel,Uttoxeter,ST14 8AG,venue,52.8991217,-1.862908,google-maps-named-place,,,,,,,,https://api.ratings.food.gov.uk/Establishments?address=ST14+8AG&pageSize=100&pageNumber=1,,,,no_name_match,2026-09-11
kings arms|brighton|bn2 1rj,Kings Arms,Brighton,BN2 1RJ,venue,50.8211532,-0.1345786,google-maps-named-place,,,,Kings Arms,"56 George Street, Brighton, BN2 1RJ",50.821744,-0.134367,https://api.ratings.food.gov.uk/Establishments?address=BN2+1RJ&pageSize=100&pageNumber=1,67.4,,6.1,unique_name_and_postcode_match,2026-09-11
kenilworth sporting ground|kenilworth|cv8 1fa,Kenilworth Sporting Ground,Kenilworth,CV8 1FA,venue,52.3310922,-1.5782505,google-maps-named-place,,,,,,,,https://api.ratings.food.gov.uk/Establishments?address=CV8+1FA&pageSize=100&pageNumber=1,,,,no_name_match,2026-09-11
tuppeny|swindon|sn1 4bd,Tuppeny,Swindon,SN1 4BD,venue,51.5519217,-1.77723,google-maps-named-place,,,,,,,,https://api.ratings.food.gov.uk/Establishments?address=SN1+4BD&pageSize=100&pageNumber=1,,,,no_name_match,2026-09-11
whitelocks|leeds: central|ls1 6hb,Whitelocks,Leeds: Central,LS1 6HB,venue,53.7971655,-1.5428815,openstreetmap-gb-extract,,,,Whitelocks,"6 - 8 Turks Head Yard, Leeds, LS1 6HB",53.797216,-1.543394,https://api.ratings.food.gov.uk/Establishments?address=LS1+6HB&pageSize=100&pageNumber=1,34.1,,32.8,unique_name_and_postcode_match,2026-09-11
red shed|wakefield|wf1 1qx,Red Shed,Wakefield,WF1 1QX,venue,53.6838579,-1.4938305,google-maps-named-place,,,,,,,,https://api.ratings.food.gov.uk/Establishments?address=WF1+1QX&pageSize=100&pageNumber=1,,,,no_name_match,2026-09-11
royal air forces association (pmc)|yeadon|ls19 7na,Royal Air Forces Association (PMC),Yeadon,LS19 7NA,venue,53.8633885,-1.6961053,google-maps-named-place,,,,,,,,https://api.ratings.food.gov.uk/Establishments?address=LS19+7NA&pageSize=100&pageNumber=1,,,,no_name_match,2026-09-11
paddys|bangor|ll57 2he,Paddys,Bangor,LL57 2HE,venue,53.2282206,-4.1346757,google-maps-named-place,,,,,,,,https://api.ratings.food.gov.uk/Establishments?address=LL57+2HE&pageSize=100&pageNumber=1,,,,no_name_match,2026-09-11
bulls head|beaumaris|ll58 8ap,Bulls Head,Beaumaris,LL58 8AP,venue,53.2634289,-4.0919821,google-maps-named-place,,,,,,,,https://api.ratings.food.gov.uk/Establishments?address=LL58+8AP&pageSize=100&pageNumber=1,,,,no_name_match,2026-09-11
