venue_key,lat,lng,reference_name,reference_address,source,source_url,corroborating_source_url,checked_at,review_note
45 club (pmc)|newcastle-u-l: central|st5 1ds,53.0093065,-2.2165397,The 45 Club,"92 Lancaster Rd, Newcastle-under-Lyme ST5 1DS",google-maps-named-place,https://www.google.com/maps/search/?api=1&query=The+45+Club+ST5+1DS,,2026-09-13,name and full postcode agree
arkwrights|belper: central|de56 1up,53.0227293,-1.4832821,Arkwright's Real Ale Bar,"6 Campbell St, Belper DE56 1UP",google-maps-named-place,https://www.google.com/maps/search/?api=1&query=Arkwrights+Real+Ale+Bar+DE56+1UP,,2026-09-13,name and full postcode agree
bamk house hotel|uttoxeter|st14 8ag,52.8991217,-1.862908,Bank House Hotel,"Church St, Uttoxeter ST14 8AG",google-maps-named-place,https://www.google.com/maps/search/?api=1&query=Bank+House+Hotel+ST14+8AG,,2026-09-13,obvious source-name typo; place and full postcode agree
barton rovers social (pmc)|barton le clay|mk45 4sd,51.9648174,-0.4295876,Barton Rovers FC,"Sharpenhoe Rd, Barton-le-Clay MK45 4SD",google-maps-named-place,https://www.google.com/maps/search/?api=1&query=Barton+Rovers+FC+MK45+4SD,,2026-09-13,club identity and full postcode agree
bear inn|bridgnorth|wv16 4er,52.537224,-2.420888,The Bear Inn,"24 Northgate, Bridgnorth WV16 4ET",google-maps-and-official-address,https://www.google.com/maps/search/?api=1&query=Bear+24+Northgate+Bridgnorth,https://www.craftunionpubs.com/bear-bridgnorth,2026-09-13,listing postcode conflicts; venue identity and official address agree
berkeley arms|purton|gl13 9hu,51.7388498,-2.4491708,Berkeley Arms,"Purton, Berkeley GL13 9HU",google-maps-named-place,https://www.google.com/maps/search/?api=1&query=Berkeley+Arms+Purton+GL13+9HU,,2026-09-13,name place and full postcode agree
binary|mickleover|de3 0gr,52.9040166,-1.544656,Binary Bar & Restaurants,"Limes Ave, Mickleover DE3 0GR",google-maps-named-place,https://www.google.com/maps/search/?api=1&query=Binary+Mickleover+DE3+0GR,,2026-09-13,name place and full postcode agree
blue dog|sewstern|ng33 5rg,52.7862037,-0.6840474,The Blue Dog,"46 Main St, Sewstern NG33 5RQ",google-maps-named-place,https://www.google.com/maps/search/?api=1&query=Blue+Dog+Sewstern,,2026-09-13,listing postcode conflicts; venue name and village agree
bucknall bowling & recreation club|stoke: bucknall|st2 7ab,53.0241582,-2.1317236,Bucknall Bowling & Recreation Club,"Werrington Rd, Stoke-on-Trent ST2 9AB",google-maps-named-place,https://www.google.com/maps/search/?api=1&query=Bucknall+Bowling+Recreation+Club,,2026-09-13,listing postcode conflicts; exact club identity agrees
bulls head|beaumaris|ll58 8ap,53.2634289,-4.0919821,The Bull's Head Inn,"20 Castle St, Beaumaris LL58 8AP",google-maps-named-place,https://www.google.com/maps/search/?api=1&query=Bulls+Head+Beaumaris+LL58+8AP,,2026-09-13,name place and full postcode agree
burton albion fc (fan zone)|burton u-t: central|de13 0ar,52.8215623,-1.627267,Burton Albion Football Club,"Pirelli Stadium, Princess Way, Burton-on-Trent DE13 0AR",google-maps-named-place,https://www.google.com/maps/search/?api=1&query=Burton+Albion+Football+Club+DE13+0AR,,2026-09-13,fan zone located at named stadium; full postcode agrees
burton rugby club|burton u-t: branston|de13 9ff,52.7893745,-1.6834532,Burton Rugby Football Club,"Battlestead Croft, Branston Rd, Tatenhill DE13 9FF",google-maps-named-place,https://www.google.com/maps/search/?api=1&query=Burton+Rugby+Football+Club+DE13+9FF,,2026-09-13,club identity and full postcode agree
butchers arms|bramshall|st14 5bg,52.8966385,-1.9081603,Butcher's Arms Bramshall,"Stone Road, Bramshall ST14 5BG",google-maps-named-place,https://www.google.com/maps/search/?api=1&query=Butchers+Arms+Bramshall+ST14+5BG,,2026-09-13,name place and full postcode agree
chaddesen park social club (pmc)|derby: chaddesden|de21 6pd,52.927228,-1.4458378,Chaddesden Park Social Club,"391 Nottingham Rd, Chaddesden DE21 6PD",google-maps-named-place,https://www.google.com/maps/search/?api=1&query=Chaddesden+Park+Social+Club+DE21+6PD,,2026-09-13,obvious source-name typo; club and full postcode agree
colliery smokehouse|linton|de12 6pb,52.742254,-1.5855772,Colliery Smokehouse,"Colliery Ln, Linton DE12 6PB",google-maps-named-place,https://www.google.com/maps/search/?api=1&query=Colliery+Smokehouse+DE12+6PB,https://collierysmokehouse.co.uk/,2026-09-13,named building and official venue site agree
cricket club|caverswall|st3 6pj,52.9890596,-2.0909717,Caverswall Cricket Club,"108 Caverswall Rd, Stoke-on-Trent ST3 6PJ",google-maps-named-place,https://www.google.com/maps/search/?api=1&query=Caverswall+Cricket+Club+ST3+6PJ,,2026-09-13,club and full postcode agree
cricket club|rolleston-on-dove|de13 9au,52.8465176,-1.6284227,Rolleston Cricket Club,"26 Dovecliff Rd, Rolleston-on-Dove DE13 9AU",google-maps-named-place,https://www.google.com/maps/search/?api=1&query=Rolleston+Cricket+Club+DE13+9AU,,2026-09-13,club and full postcode agree
crossbar|chellaston|de73 6tq,52.8750547,-1.4265946,The Crossbar,"Off Snelsmoor Ln, Chellaston DE73 6TQ",google-maps-named-place,https://www.google.com/maps/search/?api=1&query=The+Crossbar+Chellaston+DE73+6TQ,,2026-09-13,name place and full postcode agree
crossways (bottlecraft)|newcastle-u-l: central|st5 1rw,53.0127842,-2.2245969,The Crossways,"36 Ironmarket, Newcastle-under-Lyme ST5 1RP",google-maps-named-place,https://www.google.com/maps/search/?api=1&query=The+Crossways+Newcastle-under-Lyme,,2026-09-13,listing postcode conflicts; exact venue identity agrees
dead dove|worcester: central|wr1 2lt,52.1886066,-2.2190526,The Dead Dove,"College St, Worcester WR1 2LT",google-maps-named-place,https://www.google.com/maps/search/?api=1&query=The+Dead+Dove+Worcester+WR1+2LT,,2026-09-13,name place and full postcode agree
doveside social club (pmc)|hatton|de65 5ez,52.8652076,-1.6823627,Doveside Social Club,"Jinny Close, Hatton DE65 5EZ",manual-multiple-source-map-review,https://mw.maptons.com/2540953,https://ratings.food.gov.uk/business/234128,2026-09-13,named place coordinate plus official FSA address
dyers arms|leek|st13 8jz,53.1095142,-2.0362443,Dyers Arms,"Macclesfield Rd, Leek ST13 8JZ",google-maps-named-place,https://www.google.com/maps/search/?api=1&query=Dyers+Arms+Leek+ST13+8JZ,,2026-09-13,name place and full postcode agree
george|youlgrave|de45 1uw,53.1762642,-1.684656,George Hotel Youlgreave,"Alport Lane, Youlgreave DE45 1WN",google-maps-named-place,https://www.google.com/maps/search/?api=1&query=George+Hotel+Youlgreave,,2026-09-13,listing postcode conflicts; exact name and village agree
great western|deppers bridge|cv47 2st,52.2339159,-1.4323514,Great Western,"Deppers Bridge, Southam CV47 2ST",official-venue-map-link,https://thegreatwestern.pub/find-us/,,2026-09-13,official venue map link and full postcode
h|angel inn|l1 4hy,53.4027146,-2.9777435,The Angel Inn,"90 Bold St, Liverpool L1 4HY",google-maps-named-place,https://www.google.com/maps/search/?api=1&query=The+Angel+Inn+Liverpool+L1+4HY,,2026-09-13,source pub name appears truncated; place and full postcode agree
kenilworth sporting ground|kenilworth|cv8 1fa,52.3310922,-1.5782505,Kenilworth Sporting Ground,"Gypsy Ln, Kenilworth CV8 1FA",google-maps-named-place,https://www.google.com/maps/search/?api=1&query=Kenilworth+Sporting+Ground+CV8+1FA,,2026-09-13,name place and full postcode agree
kings arms|brighton|bn2 1rj,50.8211532,-0.1345786,Kings Arms,"George St, Brighton BN2 1RJ",google-maps-named-place,https://www.google.com/maps/search/?api=1&query=Kings+Arms+Brighton+BN2+1RJ,https://www.craftunionpubs.com/kings-arms-brighton,2026-09-13,name address and full postcode agree
lancaster inn|woodhall spa|ln10 6st,53.1518516,-0.2141953,The Inn at Woodhall Spa / Lancaster Bar,"The Broadway, Woodhall Spa LN10 6ST",google-maps-and-official-address,https://www.google.com/maps/search/?api=1&query=The+Inn+at+Woodhall+Spa+LN10+6ST,https://www.theinnatwoodhallspa.co.uk/dine/,2026-09-13,official site identifies Lancaster Bar at this exact venue and postcode
mason brewing taproom|threemilestone|tr4 9ld,50.2622391,-5.1247196,Mason Brewing Co,"Unit D Cedar Units, Threemilestone TR4 9LD",google-maps-named-place,https://www.google.com/maps/search/?api=1&query=Mason+Brewing+Co+TR4+9LD,,2026-09-13,brewery identity and full postcode agree
merchants|rugby|cv21 3aw,52.3713166,-1.2614392,The Merchant's Inn,"5 Little Church St, Rugby CV21 3AW",google-maps-named-place,https://www.google.com/maps/search/?api=1&query=Merchants+Inn+Rugby+CV21+3AW,,2026-09-13,name place and full postcode agree
mount pleasant inn|castle gresley|de11 9je,52.7498761,-1.5737433,Mount Pleasant Inn,"109 Mount Pleasant Rd, Castle Gresley DE11 9JE",google-maps-named-place,https://www.google.com/maps/search/?api=1&query=Mount+Pleasant+Inn+DE11+9JE,,2026-09-13,name place and full postcode agree
mushroom hall|albert village|de11 8en,52.7600976,-1.5504387,The Mushroom Hall,"Mushroom Ln, Albert Village DE11 8EN",google-maps-named-place,https://www.google.com/maps/search/?api=1&query=Mushroom+Hall+Albert+Village+DE11+8EN,,2026-09-13,name place and full postcode agree
navigation|shardlow|de72 2wa,52.868029,-1.342615,Navigation Inn,"143 London Road, Shardlow DE72 2HA",camra-and-official-address,https://camra.org.uk/pubs/navigation-inn-shardlow-143265,https://navigationinnshardlow.com/,2026-09-13,listing postcode is wrong; exact name village official address and CAMRA point agree
needle and pin|loughborough|le11 5bg,52.7734147,-1.2096309,The Needle & Pin,"15 The Rushes, Loughborough LE11 5BG",google-maps-named-place,https://www.google.com/maps/search/?api=1&query=Needle+and+Pin+Loughborough+LE11+5BG,,2026-09-13,name place and full postcode agree
newcastle town fc (pmc)|newcastle-u-l: central|st5 3bx,52.9980225,-2.2142564,Newcastle Town FC,"Buckmaster Ave, Newcastle-under-Lyme ST5 3BX",google-maps-named-place,https://www.google.com/maps/search/?api=1&query=Newcastle+Town+FC+ST5+3BX,,2026-09-13,club and full postcode agree
paddys|bangor|ll57 2he,53.2282206,-4.1346757,Patricksbar.com,"57-59 Holyhead Rd, Bangor LL57 2HE",google-maps-named-place,https://www.google.com/maps/search/?api=1&query=Patricksbar+Bangor+LL57+2HE,,2026-09-13,trading-name alias and full postcode agree
pleasant retreat|lostock hall|pr5 5ru,53.7260786,-2.6924564,Pleasant Retreat,"Lostock Hall, Preston PR5 5RU",google-maps-named-place,https://www.google.com/maps/search/?api=1&query=Pleasant+Retreat+Lostock+Hall+PR5+5RU,,2026-09-13,name place and listed postcode agree
r and rs sports bar|chellaston|de73 5sa,52.8690371,-1.4379227,R&R's Sports Bar and Lounge,"12 Derby Rd, Chellaston DE73 5SA",google-maps-named-place,https://www.google.com/maps/search/?api=1&query=R%26Rs+Sports+Bar+Chellaston+DE73+5SA,,2026-09-13,name place and full postcode agree
red shed|wakefield|wf1 1qx,53.6838579,-1.4938305,The Red Shed - Wakefield Labour Club,"18 Vicarage St S, Wakefield WF1 1QX",google-maps-named-place,https://www.google.com/maps/search/?api=1&query=Red+Shed+Wakefield+WF1+1QX,,2026-09-13,name place and full postcode agree
royal air forces association (pmc)|yeadon|ls19 7na,53.8633885,-1.6961053,RAFA Club,"56 New Rd, Yeadon LS19 7NA",google-maps-named-place,https://www.google.com/maps/search/?api=1&query=RAFA+Club+Yeadon+LS19+7NA,,2026-09-13,organisation alias place and full postcode agree
rushden historic transport society|rushden|nn10 0aw,52.2943013,-0.5980484,Rushden Historical Transport Society & Goods Shed,"Station Approach, Rushden NN10 0AW",google-maps-named-place,https://www.google.com/maps/search/?api=1&query=Rushden+Historical+Transport+Society+NN10+0AW,,2026-09-13,organisation identity and full postcode agree
social club (pmc)|rolleston-on-dove|de13 9dn,52.8459312,-1.6502601,Rolleston Club,"15 Burnside, Rolleston-on-Dove DE13 9DN",google-maps-named-place,https://www.google.com/maps/search/?api=1&query=Rolleston+Club+DE13+9DN,,2026-09-13,club place and full postcode agree
somerset and dorset|burnham-on-sea|ta8 1nz,51.2343647,-2.997543,Somerset & Dorset Burnham,"1 High St, Burnham-on-Sea TA8 1NZ",google-maps-named-place,https://www.google.com/maps/search/?api=1&query=Somerset+and+Dorset+Burnham+TA8+1NZ,,2026-09-13,name place and full postcode agree
stella taps|mansfield|ng18 4al,53.1359222,-1.1960942,Stella Taps,"Stella St, Mansfield NG18 4AL",google-maps-named-place,https://www.google.com/maps/search/?api=1&query=Stella+Taps+Mansfield+NG18+4AL,,2026-09-13,name place and full postcode agree
tuppeny|swindon|sn1 4bd,51.5519217,-1.77723,The Tuppenny,"58-59 Devizes Rd, Swindon SN1 4BD",google-maps-named-place,https://www.google.com/maps/search/?api=1&query=The+Tuppenny+Swindon+SN1+4BD,,2026-09-13,minor spelling variation and full postcode agree
ye olde butchers arms|reapsmoor|sk17 0ll,53.1507019,-1.8804221,Ye Olde Butchers Arms,"Reapsmoor, Buxton SK17 0LL",google-maps-named-place,https://www.google.com/maps/search/?api=1&query=Ye+Olde+Butchers+Arms+SK17+0LL,,2026-09-13,name place and full postcode agree
